track_id,frame,error,detail
0,2,dimension_drift,L: 4.01..6.62 m (39.4% > 5%)
0,4,dimension_drift,W: 2.07..2.46 m (15.9% > 5%)
0,14,dimension_drift,H: 1.92..3.60 m (46.7% > 5%)
0,2,orientation_flip,yaw nhay 172deg (~180)
0,3,orientation_flip,yaw nhay 172deg (~180)
0,4,orientation_flip,yaw nhay 175deg (~180)
0,9,orientation_flip,yaw nhay 178deg (~180)
0,14,orientation_flip,yaw nhay 168deg (~180)
0,17,orientation_flip,yaw nhay 175deg (~180)
0,18,orientation_flip,yaw nhay 174deg (~180)
0,21,orientation_flip,yaw nhay 175deg (~180)
0,24,orientation_flip,yaw nhay 179deg (~180)
0,25,orientation_flip,yaw nhay 179deg (~180)
0,27,orientation_flip,yaw nhay 174deg (~180)
0,29,orientation_flip,yaw nhay 174deg (~180)
0,2,position_jump,tam box nhay 35.0 m (dau hieu ID switch)
0,3,position_jump,tam box nhay 34.3 m (dau hieu ID switch)
0,4,position_jump,tam box nhay 27.8 m (dau hieu ID switch)
0,5,position_jump,tam box nhay 3.2 m (dau hieu ID switch)
0,6,position_jump,tam box nhay 3.3 m (dau hieu ID switch)
0,7,position_jump,tam box nhay 3.4 m (dau hieu ID switch)
0,8,position_jump,tam box nhay 3.5 m (dau hieu ID switch)
0,9,position_jump,tam box nhay 15.0 m (dau hieu ID switch)
0,14,position_jump,tam box nhay 16.1 m (dau hieu ID switch)
0,16,position_jump,tam box nhay 39.3 m (dau hieu ID switch)
0,17,position_jump,tam box nhay 27.1 m (dau hieu ID switch)
0,18,position_jump,tam box nhay 21.6 m (dau hieu ID switch)
0,21,position_jump,tam box nhay 15.4 m (dau hieu ID switch)
0,24,position_jump,tam box nhay 10.4 m (dau hieu ID switch)
0,25,position_jump,tam box nhay 10.6 m (dau hieu ID switch)
0,27,position_jump,tam box nhay 15.5 m (dau hieu ID switch)
0,28,position_jump,tam box nhay 3.2 m (dau hieu ID switch)
0,29,position_jump,tam box nhay 18.6 m (dau hieu ID switch)
1,1,dimension_drift,L: 4.40..6.62 m (33.5% > 5%)
1,3,dimension_drift,W: 2.10..2.46 m (14.6% > 5%)
1,3,dimension_drift,H: 1.92..3.24 m (40.7% > 5%)
1,2,orientation_flip,yaw nhay 172deg (~180)
1,3,orientation_flip,yaw nhay 172deg (~180)
1,4,orientation_flip,yaw nhay 172deg (~180)
1,9,orientation_flip,yaw nhay 176deg (~180)
1,14,orientation_flip,yaw nhay 172deg (~180)
1,17,orientation_flip,yaw nhay 175deg (~180)
1,18,orientation_flip,yaw nhay 167deg (~180)
1,21,orientation_flip,yaw nhay 165deg (~180)
1,24,orientation_flip,yaw nhay 180deg (~180)
1,25,orientation_flip,yaw nhay 179deg (~180)
1,27,orientation_flip,yaw nhay 177deg (~180)
1,29,orientation_flip,yaw nhay 176deg (~180)
1,2,position_jump,tam box nhay 37.2 m (dau hieu ID switch)
1,3,position_jump,tam box nhay 31.2 m (dau hieu ID switch)
1,4,position_jump,tam box nhay 30.6 m (dau hieu ID switch)
1,9,position_jump,tam box nhay 13.1 m (dau hieu ID switch)
1,10,position_jump,tam box nhay 3.3 m (dau hieu ID switch)
1,11,position_jump,tam box nhay 3.4 m (dau hieu ID switch)
1,12,position_jump,tam box nhay 3.5 m (dau hieu ID switch)
1,13,position_jump,tam box nhay 3.4 m (dau hieu ID switch)
1,14,position_jump,tam box nhay 13.7 m (dau hieu ID switch)
1,17,position_jump,tam box nhay 24.7 m (dau hieu ID switch)
1,18,position_jump,tam box nhay 24.0 m (dau hieu ID switch)
1,21,position_jump,tam box nhay 13.5 m (dau hieu ID switch)
1,24,position_jump,tam box nhay 10.5 m (dau hieu ID switch)
1,25,position_jump,tam box nhay 11.3 m (dau hieu ID switch)
1,26,position_jump,tam box nhay 3.1 m (dau hieu ID switch)
1,27,position_jump,tam box nhay 13.5 m (dau hieu ID switch)
1,29,position_jump,tam box nhay 21.0 m (dau hieu ID switch)
1,1,fragmentation_suspect,ID xuat hien giua sequence o 17 m (khong phai frame dau)
1,29,fragmentation_suspect,ID ket thuc giua sequence o 35 m
